,Type,URL
1,Clear,http://www.trustile.com/sites/trustile.com/files/styles/gallery_large/public/materials/glass/clear.jpg?itok=7ID9_B_i
2,Bevel,http://www.trustile.com/sites/trustile.com/files/styles/gallery_large/public/materials/glass/bevel.jpg?itok=ufVGmLSe
3,White Lami,http://www.trustile.com/sites/trustile.com/files/styles/gallery_large/public/materials/glass/white-lami.jpg?itok=VX3B4BNO
4,Frosted,http://www.trustile.com/sites/trustile.com/files/styles/gallery_large/public/materials/glass/frosted.jpg?itok=ykvNa1A_
5,Wave,http://www.trustile.com/sites/trustile.com/files/styles/gallery_large/public/materials/glass/wave.jpg?itok=jxSqoeZK
6,Ripple,http://www.trustile.com/sites/trustile.com/files/styles/gallery_large/public/materials/glass/ripple.jpg?itok=CAbGIfxr
7,Quadra,http://www.trustile.com/sites/trustile.com/files/styles/gallery_large/public/materials/glass/quadra.jpg?itok=2BwT23jA
8,Dash,http://www.trustile.com/sites/trustile.com/files/styles/gallery_large/public/materials/glass/dash.jpg?itok=j2YD-ISO
9,River Ice,http://www.trustile.com/sites/trustile.com/files/styles/gallery_large/public/materials/glass/river-ice.jpg?itok=U47MAMgu
10,Arctic,http://www.trustile.com/sites/trustile.com/files/styles/gallery_large/public/materials/glass/arctic.jpg?itok=k48QhdzV
11,Seedy Wash,http://www.trustile.com/sites/trustile.com/files/styles/gallery_large/public/materials/glass/seedy-wash.jpg?itok=s7jdyLjA
12,Glue Chip,http://www.trustile.com/sites/trustile.com/files/styles/gallery_large/public/materials/glass/glue-chip.jpg?itok=EpnvecYV
13,Obscure,http://www.trustile.com/sites/trustile.com/files/styles/gallery_large/public/materials/glass/obscure.jpg?itok=J8Xp51ia
14,Delta Frost,http://www.trustile.com/sites/trustile.com/files/styles/gallery_large/public/materials/glass/delta-frost.jpg?itok=nyMVkEdQ
15,Whirl,http://www.trustile.com/sites/trustile.com/files/styles/gallery_large/public/materials/glass/whirl.jpg?itok=51-2nF7Q
16,Satin Barcode,http://www.trustile.com/sites/trustile.com/files/styles/gallery_large/public/materials/glass/satin-barcode.jpg?itok=C0NmblqB
17,Rain,http://www.trustile.com/sites/trustile.com/files/styles/gallery_large/public/materials/glass/rain.jpg?itok=J4XgxrtK
18,Flow,http://www.trustile.com/sites/trustile.com/files/styles/gallery_large/public/materials/glass/flow.jpg?itok=TUWNz5bw
19,Pinstripe,http://www.trustile.com/sites/trustile.com/files/styles/gallery_large/public/materials/glass/pinstripe.jpg?itok=evG0I82j
20,Tuxedo,http://www.trustile.com/sites/trustile.com/files/styles/gallery_large/public/materials/glass/tuxedo.jpg?itok=vGmsScgD
21,Brushed,http://www.trustile.com/sites/trustile.com/files/styles/gallery_large/public/materials/glass/brushed.jpg?itok=IshNe2OL
22,Spun,http://www.trustile.com/sites/trustile.com/files/styles/gallery_large/public/materials/glass/spun.jpg?itok=AQZz-Fgp
23,Shoji,http://www.trustile.com/sites/trustile.com/files/styles/gallery_large/public/materials/glass/shoji.jpg?itok=KWjCm6kx
24,Groove,http://www.trustile.com/sites/trustile.com/files/styles/gallery_large/public/materials/glass/groove.jpg?itok=QktZvreJ
25,Narrow Reed,http://www.trustile.com/sites/trustile.com/files/styles/gallery_large/public/materials/glass/narrow-reed.jpg?itok=Qy5yFQuY
26,Reeded,http://www.trustile.com/sites/trustile.com/files/styles/gallery_large/public/materials/glass/reeded.jpg?itok=b_6JsRVn
27,Bronze Fibers Mirror,http://www.trustile.com/sites/trustile.com/files/styles/gallery_large/public/materials/glass/bronze-fibers-mirror.jpg?itok=s8zkJ7FJ
28,Silver Crystal Mirror,http://www.trustile.com/sites/trustile.com/files/styles/gallery_large/public/materials/glass/silver-crystal-mirror.jpg?itok=LZK10VHN
29,Bamboo Rings,http://www.trustile.com/sites/trustile.com/files/styles/gallery_large/public/materials/glass/bamboo-rings.jpg?itok=Sgbh0NdJ
30,Capiz,http://www.trustile.com/sites/trustile.com/files/styles/gallery_large/public/materials/glass/capiz.jpg?itok=eUxH6_oj
31,Cirque,http://www.trustile.com/sites/trustile.com/files/styles/gallery_large/public/materials/glass/cirque.jpg?itok=9N7bSYji
32,Connection Envy,http://www.trustile.com/sites/trustile.com/files/styles/gallery_large/public/materials/glass/connection-envy.jpg?itok=vM5KbafM
33,Fossil,http://www.trustile.com/sites/trustile.com/files/styles/gallery_large/public/materials/glass/fossil.jpg?itok=Jg3YWYOA
34,Gingko Thatch,http://www.trustile.com/sites/trustile.com/files/styles/gallery_large/public/materials/glass/gingko-thatch.jpg?itok=qrjseF9S
35,Paper Cut,http://www.trustile.com/sites/trustile.com/files/styles/gallery_large/public/materials/glass/papercut.jpg?itok=bFC8k4kA
36,Thatch,http://www.trustile.com/sites/trustile.com/files/styles/gallery_large/public/materials/glass/thatch-50.jpg?itok=ZSZiSTb0
37,Ting Ting,http://www.trustile.com/sites/trustile.com/files/styles/gallery_large/public/materials/glass/ting-ting.jpg?itok=WstF8DLF
