name,model,size,link
404023/8'' x 3-1/4'',40402,3/8'' x 3-1/4'',http://www.alexandriamoulding.com/products.php?state=entry&region=Alex%20West%20(USA)&entry=40402
900945/8'' x 4'',90094,5/8'' x 4'',http://www.alexandriamoulding.com/products.php?state=entry&region=Alex%20West%20(USA)&entry=90094
900955/8'' x 5'',90095,5/8'' x 5'',http://www.alexandriamoulding.com/products.php?state=entry&region=Alex%20West%20(USA)&entry=90095
902051/2'' x 3-7/8'',90205,1/2'' x 3-7/8'',http://www.alexandriamoulding.com/products.php?state=entry&region=Alex%20West%20(USA)&entry=90205
903473/4'' x 7'',90347,3/4'' x 7'',http://www.alexandriamoulding.com/products.php?state=entry&region=Alex%20West%20(USA)&entry=90347
903491/2'' x 5'',90349,1/2'' x 5'',http://www.alexandriamoulding.com/products.php?state=entry&region=Alex%20West%20(USA)&entry=90349
903501-3/16'' x 5-1/4'',90350,1-3/16'' x 5-1/4'',http://www.alexandriamoulding.com/products.php?state=entry&region=Alex%20West%20(USA)&entry=90350
904021/2'' x 3-1/4'',90402,1/2'' x 3-1/4'',http://www.alexandriamoulding.com/products.php?state=entry&region=Alex%20West%20(USA)&entry=90402
904051/2'' x 4'',90405,1/2'' x 4'',http://www.alexandriamoulding.com/products.php?state=entry&region=Alex%20West%20(USA)&entry=90405
904125/8'' x 4-1/4'',90412,5/8'' x 4-1/4'',http://www.alexandriamoulding.com/products.php?state=entry&region=Alex%20West%20(USA)&entry=90412
904145/8'' x 5-1/4'',90414,5/8'' x 5-1/4'',http://www.alexandriamoulding.com/products.php?state=entry&region=Alex%20West%20(USA)&entry=90414
904221/2'' x 3'',90422,1/2'' x 3'',http://www.alexandriamoulding.com/products.php?state=entry&region=Alex%20West%20(USA)&entry=90422
905455/8'' x 5'',90545,5/8'' x 5'',http://www.alexandriamoulding.com/products.php?state=entry&region=Alex%20West%20(USA)&entry=90545
906181/2'' x 5-1/4'',90618,1/2'' x 5-1/4'',http://www.alexandriamoulding.com/products.php?state=entry&region=Alex%20West%20(USA)&entry=90618
906201/2'' x 4-1/4'',90620,1/2'' x 4-1/4'',http://www.alexandriamoulding.com/products.php?state=entry&region=Alex%20West%20(USA)&entry=90620
906231/2'' x 3-1/4'',90623,1/2'' x 3-1/4'',http://www.alexandriamoulding.com/products.php?state=entry&region=Alex%20West%20(USA)&entry=90623
906631/2'' x 4-1/4'',90663,1/2'' x 4-1/4'',http://www.alexandriamoulding.com/products.php?state=entry&region=Alex%20West%20(USA)&entry=90663
926251/2'' x 2-1/4'',92625,1/2'' x 2-1/4'',http://www.alexandriamoulding.com/products.php?state=entry&region=Alex%20West%20(USA)&entry=92625
931403/8'' x 3-1/4'',93140,3/8'' x 3-1/4'',http://www.alexandriamoulding.com/products.php?state=entry&region=Alex%20West%20(USA)&entry=93140
950001-3/16'' x 3-3/4'',95000,1-3/16'' x 3-3/4'',http://www.alexandriamoulding.com/products.php?state=entry&region=Alex%20West%20(USA)&entry=95000
950101-3/16'' x 4-3/16'',95010,1-3/16'' x 4-3/16'',http://www.alexandriamoulding.com/products.php?state=entry&region=Alex%20West%20(USA)&entry=95010
989103/8'' x 3-7/8'',98910,3/8'' x 3-7/8'',http://www.alexandriamoulding.com/products.php?state=entry&region=Alex%20West%20(USA)&entry=98910
9L3481-1/2'' x 6-1/4'',9L348,1-1/2'' x 6-1/4'',http://www.alexandriamoulding.com/products.php?state=entry&region=Alex%20West%20(USA)&entry=9L348
050201-3/16'' x 5-1/4'',5020,1-3/16'' x 5-1/4'',http://www.alexandriamoulding.com/products.php?state=entry&region=Alex%20West%20(USA)&entry=05020
006481-3/16'' x 6-1/4'',648,1-3/16'' x 6-1/4'',http://www.alexandriamoulding.com/products.php?state=entry&region=Alex%20West%20(USA)&entry=00648
3277S3/8'' x 3/4'',3277S,3/8'' x 3/4'',http://www.alexandriamoulding.com/products.php?state=entry&region=Alex%20West%20(USA)&entry=3277S
L13051-1/4'' x 2'',L1305,1-1/4'' x 2'',http://www.alexandriamoulding.com/products.php?state=entry&region=Alex%20West%20(USA)&entry=L1305
CR0037/8'' x 1-5/16'',CR003,7/8'' x 1-5/16'',http://www.alexandriamoulding.com/products.php?state=entry&region=Alex%20West%20(USA)&entry=CR003
0M1355/8'' x 3-9/16'',0M135,5/8'' x 3-9/16'',http://www.alexandriamoulding.com/products.php?state=entry&region=Alex%20West%20(USA)&entry=0M135
000785/8'' x 4'',78,5/8'' x 4'',http://www.alexandriamoulding.com/products.php?state=entry&region=Alex%20West%20(USA)&entry=00078
0L1305/8'' x 7-1/4'',0L130,5/8'' x 7-1/4'',http://www.alexandriamoulding.com/products.php?state=entry&region=Alex%20West%20(USA)&entry=0L130
CR6883/4'' x 1-3/8'',CR688,3/4'' x 1-3/8'',http://www.alexandriamoulding.com/products.php?state=entry&region=Alex%20West%20(USA)&entry=CR688
032903/4'' x 1/2'',3290,3/4'' x 1/2'',http://www.alexandriamoulding.com/products.php?state=entry&region=Alex%20West%20(USA)&entry=03290
001017/16'' x 11/16'',101,7/16'' x 11/16'',http://www.alexandriamoulding.com/products.php?state=entry&region=Alex%20West%20(USA)&entry=00101
042111-1/16'' x 4-1/2'',4211,1-1/16'' x 4-1/2'',http://www.alexandriamoulding.com/products.php?state=entry&region=Alex%20West%20(USA)&entry=04211
051271/2'' x 3-1/8'',5127,1/2'' x 3-1/8'',http://www.alexandriamoulding.com/products.php?state=entry&region=Alex%20West%20(USA)&entry=05127
012401/2'' x 4'',1240,1/2'' x 4'',http://www.alexandriamoulding.com/products.php?state=entry&region=Alex%20West%20(USA)&entry=01240
006581/2'' x 4-1/2'',658,1/2'' x 4-1/2'',http://www.alexandriamoulding.com/products.php?state=entry&region=Alex%20West%20(USA)&entry=00658
082431/2'' x 4-1/4'',8243,1/2'' x 4-1/4'',http://www.alexandriamoulding.com/products.php?state=entry&region=Alex%20West%20(USA)&entry=08243
008051/2'' x 5-1/4'',805,1/2'' x 5-1/4'',http://www.alexandriamoulding.com/products.php?state=entry&region=Alex%20West%20(USA)&entry=00805
051281/2'' x 5-1/4'',5128,1/2'' x 5-1/4'',http://www.alexandriamoulding.com/products.php?state=entry&region=Alex%20West%20(USA)&entry=05128
082345/8'' x 5-1/2'',8234,5/8'' x 5-1/2'',http://www.alexandriamoulding.com/products.php?state=entry&region=Alex%20West%20(USA)&entry=08234
0B2605/8'' x 5-1/2'',0B260,5/8'' x 5-1/2'',http://www.alexandriamoulding.com/products.php?state=entry&region=Alex%20West%20(USA)&entry=0B260
024595/8'' x 5-1/4'',2459,5/8'' x 5-1/4'',http://www.alexandriamoulding.com/products.php?state=entry&region=Alex%20West%20(USA)&entry=02459
L163D5/8'' x 5-1/4'',L163D,5/8'' x 5-1/4'',http://www.alexandriamoulding.com/products.php?state=entry&region=Alex%20West%20(USA)&entry=L163D
L02095/8'' x 5-15/16'',L0209,5/8'' x 5-15/16'',http://www.alexandriamoulding.com/products.php?state=entry&region=Alex%20West%20(USA)&entry=L0209
009765/8'' x 6-1/2'',976,5/8'' x 6-1/2'',http://www.alexandriamoulding.com/products.php?state=entry&region=Alex%20West%20(USA)&entry=00976
L163C5/8'' x 7-1/4'',L163C,5/8'' x 7-1/4'',http://www.alexandriamoulding.com/products.php?state=entry&region=Alex%20West%20(USA)&entry=L163C
031127/16'' x 3-1/4'',3112,7/16'' x 3-1/4'',http://www.alexandriamoulding.com/products.php?state=entry&region=Alex%20West%20(USA)&entry=03112
0623A7/16'' x 3-1/4'',0623A,7/16'' x 3-1/4'',http://www.alexandriamoulding.com/products.php?state=entry&region=Alex%20West%20(USA)&entry=0623A
LP4337/16'' x 3-1/4'',LP433,7/16'' x 3-1/4'',http://www.alexandriamoulding.com/products.php?state=entry&region=Alex%20West%20(USA)&entry=LP433
9W6239/16'' x 3-1/4'',9W623,9/16'' x 3-1/4'',http://www.alexandriamoulding.com/products.php?state=entry&region=Alex%20West%20(USA)&entry=9W623
WM6209/16'' x 4-1/4'',WM620,9/16'' x 4-1/4'',http://www.alexandriamoulding.com/products.php?state=entry&region=Alex%20West%20(USA)&entry=WM620
043559/16'' x 5-5/8'',4355,9/16'' x 5-5/8'',http://www.alexandriamoulding.com/products.php?state=entry&region=Alex%20West%20(USA)&entry=04355
0431211/16'' x 4-7/16'',4312,11/16'' x 4-7/16'',http://www.alexandriamoulding.com/products.php?state=entry&region=Alex%20West%20(USA)&entry=04312
077061/2'' x 4-1/8'',7706,1/2'' x 4-1/8'',http://www.alexandriamoulding.com/products.php?state=entry&region=Alex%20West%20(USA)&entry=07706
0030911/16'' x 3-1/4'',309,11/16'' x 3-1/4'',http://www.alexandriamoulding.com/products.php?state=entry&region=Alex%20West%20(USA)&entry=00309
0031011/16'' x 4-1/8'',310,11/16'' x 4-1/8'',http://www.alexandriamoulding.com/products.php?state=entry&region=Alex%20West%20(USA)&entry=00310
0031111/16'' x 5-1/4'',311,11/16'' x 5-1/4'',http://www.alexandriamoulding.com/products.php?state=entry&region=Alex%20West%20(USA)&entry=00311
016533/8'' x 3-1/4'',1653,3/8'' x 3-1/4'',http://www.alexandriamoulding.com/products.php?state=entry&region=Alex%20West%20(USA)&entry=01653
1035111/16'' x 3-7/16'',10351,11/16'' x 3-7/16'',http://www.alexandriamoulding.com/products.php?state=entry&region=Alex%20West%20(USA)&entry=10351
106739/16'' x 5-3/16'',10673,9/16'' x 5-3/16'',http://www.alexandriamoulding.com/products.php?state=entry&region=Alex%20West%20(USA)&entry=10673
203561/2'' x 2-1/4'',20356,1/2'' x 2-1/4'',http://www.alexandriamoulding.com/products.php?state=entry&region=Alex%20West%20(USA)&entry=20356
903481'' x 4-1/2'',90348,1'' x 4-1/2'',http://www.alexandriamoulding.com/products.php?state=entry&region=Alex%20West%20(USA)&entry=90348
903523/4'' x 3'',90352,3/4'' x 3'',http://www.alexandriamoulding.com/products.php?state=entry&region=Alex%20West%20(USA)&entry=90352
903895/8'' x 3-1/4'',90389,5/8'' x 3-1/4'',http://www.alexandriamoulding.com/products.php?state=entry&region=Alex%20West%20(USA)&entry=90389
904035/8'' x 3'',90403,5/8'' x 3'',http://www.alexandriamoulding.com/products.php?state=entry&region=Alex%20West%20(USA)&entry=90403
9041111/16'' x 3'',90411,11/16'' x 3'',http://www.alexandriamoulding.com/products.php?state=entry&region=Alex%20West%20(USA)&entry=90411
904315/8'' x 3-1/4'',90431,5/8'' x 3-1/4'',http://www.alexandriamoulding.com/products.php?state=entry&region=Alex%20West%20(USA)&entry=90431
9054011/16'' x 5-1/4'',90540,11/16'' x 5-1/4'',http://www.alexandriamoulding.com/products.php?state=entry&region=Alex%20West%20(USA)&entry=90540
906289/16'' x 5-1/4'',90628,9/16'' x 5-1/4'',http://www.alexandriamoulding.com/products.php?state=entry&region=Alex%20West%20(USA)&entry=90628
059555/8'' x 5-9/16'',5955,5/8'' x 5-9/16'',http://www.alexandriamoulding.com/products.php?state=entry&region=Alex%20West%20(USA)&entry=05955
004227/16'' x 2-31/32'',422,7/16'' x 2-31/32'',http://www.alexandriamoulding.com/products.php?state=entry&region=Alex%20West%20(USA)&entry=00422
031407/16'' x 3-1/4'',3140,7/16'' x 3-1/4'',http://www.alexandriamoulding.com/products.php?state=entry&region=Alex%20West%20(USA)&entry=03140
0653A7/16'' x 3-1/4'',0653A,7/16'' x 3-1/4'',http://www.alexandriamoulding.com/products.php?state=entry&region=Alex%20West%20(USA)&entry=0653A
0714U9/16'' x 4-1/8'',0714U,9/16'' x 4-1/8'',http://www.alexandriamoulding.com/products.php?state=entry&region=Alex%20West%20(USA)&entry=0714U
0625A7/16'' x 2-1/4'',0625A,7/16'' x 2-1/4'',http://www.alexandriamoulding.com/products.php?state=entry&region=Alex%20West%20(USA)&entry=0625A
0623B9/16'' x 3-1/4'',0623B,9/16'' x 3-1/4'',http://www.alexandriamoulding.com/products.php?state=entry&region=Alex%20West%20(USA)&entry=0623B
006289/16'' x 5-1/4'',628,9/16'' x 5-1/4'',http://www.alexandriamoulding.com/products.php?state=entry&region=Alex%20West%20(USA)&entry=00628
042559/16'' x 5-5/8'',4255,9/16'' x 5-5/8'',http://www.alexandriamoulding.com/products.php?state=entry&region=Alex%20West%20(USA)&entry=04255
CR6703/4'' x 3-1/2'',CR670,3/4'' x 3-1/2'',http://www.alexandriamoulding.com/products.php?state=entry&region=Alex%20West%20(USA)&entry=CR670
CR6833/4'' x 4-1/2'',CR683,3/4'' x 4-1/2'',http://www.alexandriamoulding.com/products.php?state=entry&region=Alex%20West%20(USA)&entry=CR683
CR6785/8'' x 5-1/4'',CR678,5/8'' x 5-1/4'',http://www.alexandriamoulding.com/products.php?state=entry&region=Alex%20West%20(USA)&entry=CR678
CR6795/8'' x 5-1/4'',CR679,5/8'' x 5-1/4'',http://www.alexandriamoulding.com/products.php?state=entry&region=Alex%20West%20(USA)&entry=CR679
CR6805/8'' x 5-15/16'',CR680,5/8'' x 5-15/16'',http://www.alexandriamoulding.com/products.php?state=entry&region=Alex%20West%20(USA)&entry=CR680
CR6747/8'' x 7-3/8'',CR674,7/8'' x 7-3/8'',http://www.alexandriamoulding.com/products.php?state=entry&region=Alex%20West%20(USA)&entry=CR674
031017/16'' x 2-1/4'',3101,7/16'' x 2-1/4'',http://www.alexandriamoulding.com/products.php?state=entry&region=Alex%20West%20(USA)&entry=03101
031027/16'' x 3-1/4'',3102,7/16'' x 3-1/4'',http://www.alexandriamoulding.com/products.php?state=entry&region=Alex%20West%20(USA)&entry=03102
0073511/16'' x 4-1/2'',735,11/16'' x 4-1/2'',http://www.alexandriamoulding.com/products.php?state=entry&region=Alex%20West%20(USA)&entry=00735
009641/2'' x 4-1/2'',964,1/2'' x 4-1/2'',http://www.alexandriamoulding.com/products.php?state=entry&region=Alex%20West%20(USA)&entry=00964
003031-1/4'' x 1-1/2'',303,1-1/4'' x 1-1/2'',http://www.alexandriamoulding.com/products.php?state=entry&region=Alex%20West%20(USA)&entry=00303
WM1801-1/4'' x 2'',WM180,1-1/4'' x 2'',http://www.alexandriamoulding.com/products.php?state=entry&region=Alex%20West%20(USA)&entry=WM180
033221-1/4'' x 2'',3322,1-1/4'' x 2'',http://www.alexandriamoulding.com/products.php?state=entry&region=Alex%20West%20(USA)&entry=03322
3322B1-1/4'' x 2-1/4'',3322B,1-1/4'' x 2-1/4'',http://www.alexandriamoulding.com/products.php?state=entry&region=Alex%20West%20(USA)&entry=3322B
3322T1-1/4'' x 2-1/8'',3322T,1-1/4'' x 2-1/8'',http://www.alexandriamoulding.com/products.php?state=entry&region=Alex%20West%20(USA)&entry=3322T
3322F1-3/16'' x 3-1/8'',3322F,1-3/16'' x 3-1/8'',http://www.alexandriamoulding.com/products.php?state=entry&region=Alex%20West%20(USA)&entry=3322F
032943/8'' x 1-1/2'',3294,3/8'' x 1-1/2'',http://www.alexandriamoulding.com/products.php?state=entry&region=Alex%20West%20(USA)&entry=03294
007381'' x 3-1/4'',738,1'' x 3-1/4'',http://www.alexandriamoulding.com/products.php?state=entry&region=Alex%20West%20(USA)&entry=00738
0L1281-1/8'' x 4'',0L128,1-1/8'' x 4'',http://www.alexandriamoulding.com/products.php?state=entry&region=Alex%20West%20(USA)&entry=0L128
3005R1/2'' x 1-1/2'',3005R,1/2'' x 1-1/2'',http://www.alexandriamoulding.com/products.php?state=entry&region=Alex%20West%20(USA)&entry=3005R
008291/2'' x 2-1/4'',829,1/2'' x 2-1/4'',http://www.alexandriamoulding.com/products.php?state=entry&region=Alex%20West%20(USA)&entry=00829
0M37C11/16'' x 2-1/2'',0M37C,11/16'' x 2-1/2'',http://www.alexandriamoulding.com/products.php?state=entry&region=Alex%20West%20(USA)&entry=0M37C
WM32711/16'' x 2-1/4'',WM327,11/16'' x 2-1/4'',http://www.alexandriamoulding.com/products.php?state=entry&region=Alex%20West%20(USA)&entry=WM327
0M37D11/16'' x 3-1/2'',0M37D,11/16'' x 3-1/2'',http://www.alexandriamoulding.com/products.php?state=entry&region=Alex%20West%20(USA)&entry=0M37D
LH44411/16'' x 3-1/4'',LH444,11/16'' x 3-1/4'',http://www.alexandriamoulding.com/products.php?state=entry&region=Alex%20West%20(USA)&entry=LH444
0063311/16'' x 3-5/16'',633,11/16'' x 3-5/16'',http://www.alexandriamoulding.com/products.php?state=entry&region=Alex%20West%20(USA)&entry=00633
000773/4'' x 2-5/8'',77,3/4'' x 2-5/8'',http://www.alexandriamoulding.com/products.php?state=entry&region=Alex%20West%20(USA)&entry=00077
0H4003/4'' x 3'',0H400,3/4'' x 3'',http://www.alexandriamoulding.com/products.php?state=entry&region=Alex%20West%20(USA)&entry=0H400
034593/4'' x 3-3/4'',3459,3/4'' x 3-3/4'',http://www.alexandriamoulding.com/products.php?state=entry&region=Alex%20West%20(USA)&entry=03459
L03083/4'' x 4'',L0308,3/4'' x 4'',http://www.alexandriamoulding.com/products.php?state=entry&region=Alex%20West%20(USA)&entry=L0308
030803/8'' x 1-7/16'',3080,3/8'' x 1-7/16'',http://www.alexandriamoulding.com/products.php?state=entry&region=Alex%20West%20(USA)&entry=03080
030023/8'' x 2-1/4'',3002,3/8'' x 2-1/4'',http://www.alexandriamoulding.com/products.php?state=entry&region=Alex%20West%20(USA)&entry=03002
043563/8'' x 2-1/4'',4356,3/8'' x 2-1/4'',http://www.alexandriamoulding.com/products.php?state=entry&region=Alex%20West%20(USA)&entry=04356
9356A3/8'' x 2-1/4'',9356A,3/8'' x 2-1/4'',http://www.alexandriamoulding.com/products.php?state=entry&region=Alex%20West%20(USA)&entry=9356A
052085/8'' x 2-1/2'',5208,5/8'' x 2-1/2'',http://www.alexandriamoulding.com/products.php?state=entry&region=Alex%20West%20(USA)&entry=05208
021405/8'' x 2-1/4'',2140,5/8'' x 2-1/4'',http://www.alexandriamoulding.com/products.php?state=entry&region=Alex%20West%20(USA)&entry=02140
051255/8'' x 2-1/4'',5125,5/8'' x 2-1/4'',http://www.alexandriamoulding.com/products.php?state=entry&region=Alex%20West%20(USA)&entry=05125
0H3565/8'' x 2-1/4'',0H356,5/8'' x 2-1/4'',http://www.alexandriamoulding.com/products.php?state=entry&region=Alex%20West%20(USA)&entry=0H356
077055/8'' x 2-3/4'',7705,5/8'' x 2-3/4'',http://www.alexandriamoulding.com/products.php?state=entry&region=Alex%20West%20(USA)&entry=07705
007875/8'' x 2-9/16'',787,5/8'' x 2-9/16'',http://www.alexandriamoulding.com/products.php?state=entry&region=Alex%20West%20(USA)&entry=00787
104445/8'' x 3-3/8'',10444,5/8'' x 3-3/8'',http://www.alexandriamoulding.com/products.php?state=entry&region=Alex%20West%20(USA)&entry=10444
131309/16'' x 2-1/4'',13130,9/16'' x 2-1/4'',http://www.alexandriamoulding.com/products.php?state=entry&region=Alex%20West%20(USA)&entry=13130
403567/16'' x 2-1/8'',40356,7/16'' x 2-1/8'',http://www.alexandriamoulding.com/products.php?state=entry&region=Alex%20West%20(USA)&entry=40356
404013/8'' x 2-1/2'',40401,3/8'' x 2-1/2'',http://www.alexandriamoulding.com/products.php?state=entry&region=Alex%20West%20(USA)&entry=40401
404447/16'' x 3-1/4'',40444,7/16'' x 3-1/4'',http://www.alexandriamoulding.com/products.php?state=entry&region=Alex%20West%20(USA)&entry=40444
412085/8'' x 2-1/2'',41208,5/8'' x 2-1/2'',http://www.alexandriamoulding.com/products.php?state=entry&region=Alex%20West%20(USA)&entry=41208
900935/8'' x 3-1/4'',90093,5/8'' x 3-1/4'',http://www.alexandriamoulding.com/products.php?state=entry&region=Alex%20West%20(USA)&entry=90093
903405/8'' x 3-1/4'',90340,5/8'' x 3-1/4'',http://www.alexandriamoulding.com/products.php?state=entry&region=Alex%20West%20(USA)&entry=90340
903415/8'' x 3-3/8'',90341,5/8'' x 3-3/8'',http://www.alexandriamoulding.com/products.php?state=entry&region=Alex%20West%20(USA)&entry=90341
904011/2'' x 2-1/2'',90401,1/2'' x 2-1/2'',http://www.alexandriamoulding.com/products.php?state=entry&region=Alex%20West%20(USA)&entry=90401
9041011/16'' x 2-1/4'',90410,11/16'' x 2-1/4'',http://www.alexandriamoulding.com/products.php?state=entry&region=Alex%20West%20(USA)&entry=90410
904155/8'' x 2-1/4'',90415,5/8'' x 2-1/4'',http://www.alexandriamoulding.com/products.php?state=entry&region=Alex%20West%20(USA)&entry=90415
904215/8'' x 2-1/4'',90421,5/8'' x 2-1/4'',http://www.alexandriamoulding.com/products.php?state=entry&region=Alex%20West%20(USA)&entry=90421
904235/8'' x 3'',90423,5/8'' x 3'',http://www.alexandriamoulding.com/products.php?state=entry&region=Alex%20West%20(USA)&entry=90423
9053511/16'' x 3-1/2'',90535,11/16'' x 3-1/2'',http://www.alexandriamoulding.com/products.php?state=entry&region=Alex%20West%20(USA)&entry=90535
909075/8'' x 2-1/4'',90907,5/8'' x 2-1/4'',http://www.alexandriamoulding.com/products.php?state=entry&region=Alex%20West%20(USA)&entry=90907
909085/8'' x 3-5/16'',90908,5/8'' x 3-5/16'',http://www.alexandriamoulding.com/products.php?state=entry&region=Alex%20West%20(USA)&entry=90908
930023/8'' x 2-1/4'',93002,3/8'' x 2-1/4'',http://www.alexandriamoulding.com/products.php?state=entry&region=Alex%20West%20(USA)&entry=93002
931215/8'' x 2-5/8'',93121,5/8'' x 2-5/8'',http://www.alexandriamoulding.com/products.php?state=entry&region=Alex%20West%20(USA)&entry=93121
932969/16'' x 2-1/4'',93296,9/16'' x 2-1/4'',http://www.alexandriamoulding.com/products.php?state=entry&region=Alex%20West%20(USA)&entry=93296
933125/8'' x 3-1/2'',93312,5/8'' x 3-1/2'',http://www.alexandriamoulding.com/products.php?state=entry&region=Alex%20West%20(USA)&entry=93312
934445/8'' x 3-1/4'',93444,5/8'' x 3-1/4'',http://www.alexandriamoulding.com/products.php?state=entry&region=Alex%20West%20(USA)&entry=93444
980633/4'' x 3-1/4'',98063,3/4'' x 3-1/4'',http://www.alexandriamoulding.com/products.php?state=entry&region=Alex%20West%20(USA)&entry=98063
982335/8'' x 3-5/16'',98233,5/8'' x 3-5/16'',http://www.alexandriamoulding.com/products.php?state=entry&region=Alex%20West%20(USA)&entry=98233
021505/8'' x 3-1/4'',2150,5/8'' x 3-1/4'',http://www.alexandriamoulding.com/products.php?state=entry&region=Alex%20West%20(USA)&entry=02150
051265/8'' x 3-1/4'',5126,5/8'' x 3-1/4'',http://www.alexandriamoulding.com/products.php?state=entry&region=Alex%20West%20(USA)&entry=05126
008119/16'' x 2-1/4'',811,9/16'' x 2-1/4'',http://www.alexandriamoulding.com/products.php?state=entry&region=Alex%20West%20(USA)&entry=00811
019119/16'' x 2-1/4'',1911,9/16'' x 2-1/4'',http://www.alexandriamoulding.com/products.php?state=entry&region=Alex%20West%20(USA)&entry=01911
030189/16'' x 2-1/4'',3018,9/16'' x 2-1/4'',http://www.alexandriamoulding.com/products.php?state=entry&region=Alex%20West%20(USA)&entry=03018
9S3569/16'' x 2-1/4'',9S356,9/16'' x 2-1/4'',http://www.alexandriamoulding.com/products.php?state=entry&region=Alex%20West%20(USA)&entry=9S356
007719/16'' x 3-9/16'',771,9/16'' x 3-9/16'',http://www.alexandriamoulding.com/products.php?state=entry&region=Alex%20West%20(USA)&entry=00771
032111-1/16'' x 3-1/2'',3211,1-1/16'' x 3-1/2'',http://www.alexandriamoulding.com/products.php?state=entry&region=Alex%20West%20(USA)&entry=03211
032095/8'' x 2-1/2'',3209,5/8'' x 2-1/2'',http://www.alexandriamoulding.com/products.php?state=entry&region=Alex%20West%20(USA)&entry=03209
WM32411/16'' x 2-1/4'',WM324,11/16'' x 2-1/4'',http://www.alexandriamoulding.com/products.php?state=entry&region=Alex%20West%20(USA)&entry=WM324
030007/16'' x 1-7/16'',3000,7/16'' x 1-7/16'',http://www.alexandriamoulding.com/products.php?state=entry&region=Alex%20West%20(USA)&entry=03000
9H3561/2'' x 2-1/4'',9H356,1/2'' x 2-1/4'',http://www.alexandriamoulding.com/products.php?state=entry&region=Alex%20West%20(USA)&entry=9H356
0356V1/2'' x 2-1/8'',0356V,1/2'' x 2-1/8'',http://www.alexandriamoulding.com/products.php?state=entry&region=Alex%20West%20(USA)&entry=0356V
0120811/16'' x 2-1/2'',1208,11/16'' x 2-1/2'',http://www.alexandriamoulding.com/products.php?state=entry&region=Alex%20West%20(USA)&entry=01208
0W35611/16'' x 2-1/4'',0W356,11/16'' x 2-1/4'',http://www.alexandriamoulding.com/products.php?state=entry&region=Alex%20West%20(USA)&entry=0W356
0312111/16'' x 2-3/4'',3121,11/16'' x 2-3/4'',http://www.alexandriamoulding.com/products.php?state=entry&region=Alex%20West%20(USA)&entry=03121
0444V11/16'' x 3-1/4'',0444V,11/16'' x 3-1/4'',http://www.alexandriamoulding.com/products.php?state=entry&region=Alex%20West%20(USA)&entry=0444V
009543/4'' x 3-1/2'',954,3/4'' x 3-1/2'',http://www.alexandriamoulding.com/products.php?state=entry&region=Alex%20West%20(USA)&entry=00954
0356C3/8'' x 2'',0356C,3/8'' x 2'',http://www.alexandriamoulding.com/products.php?state=entry&region=Alex%20West%20(USA)&entry=0356C
L356A3/8'' x 2-1/4'',L356A,3/8'' x 2-1/4'',http://www.alexandriamoulding.com/products.php?state=entry&region=Alex%20West%20(USA)&entry=L356A
9W3565/8'' x 2-1/4'',9W356,5/8'' x 2-1/4'',http://www.alexandriamoulding.com/products.php?state=entry&region=Alex%20West%20(USA)&entry=9W356
0L3567/16'' x 2-1/4'',0L356,7/16'' x 2-1/4'',http://www.alexandriamoulding.com/products.php?state=entry&region=Alex%20West%20(USA)&entry=0L356
003577/16'' x 2-1/8'',357,7/16'' x 2-1/8'',http://www.alexandriamoulding.com/products.php?state=entry&region=Alex%20West%20(USA)&entry=00357
0H1259/16'' x 2-1/8'',0H125,9/16'' x 2-1/8'',http://www.alexandriamoulding.com/products.php?state=entry&region=Alex%20West%20(USA)&entry=0H125
004219/16'' x 2-3/16'',421,9/16'' x 2-3/16'',http://www.alexandriamoulding.com/products.php?state=entry&region=Alex%20West%20(USA)&entry=00421
0H4449/16'' x 3-1/4'',0H444,9/16'' x 3-1/4'',http://www.alexandriamoulding.com/products.php?state=entry&region=Alex%20West%20(USA)&entry=0H444
032967/16'' x 2-1/4'',3296,7/16'' x 2-1/4'',http://www.alexandriamoulding.com/products.php?state=entry&region=Alex%20West%20(USA)&entry=03296
0072911/16'' x 3-1/8'',729,11/16'' x 3-1/8'',http://www.alexandriamoulding.com/products.php?state=entry&region=Alex%20West%20(USA)&entry=00729
031259/16'' x 3-1/4'',3125,9/16'' x 3-1/4'',http://www.alexandriamoulding.com/products.php?state=entry&region=Alex%20West%20(USA)&entry=03125
030047/16'' x 2-1/4'',3004,7/16'' x 2-1/4'',http://www.alexandriamoulding.com/products.php?state=entry&region=Alex%20West%20(USA)&entry=03004
CR6941'' x 3-1/2'',CR694,1'' x 3-1/2'',http://www.alexandriamoulding.com/products.php?state=entry&region=Alex%20West%20(USA)&entry=CR694
CR6691'' x 4-1/8'',CR669,1'' x 4-1/8'',http://www.alexandriamoulding.com/products.php?state=entry&region=Alex%20West%20(USA)&entry=CR669
CR6923/4'' x 4-1/2'',CR692,3/4'' x 4-1/2'',http://www.alexandriamoulding.com/products.php?state=entry&region=Alex%20West%20(USA)&entry=CR692
004351/2'' x 2-1/2'',435,1/2'' x 2-1/2'',http://www.alexandriamoulding.com/products.php?state=entry&region=Alex%20West%20(USA)&entry=00435
004381/2'' x 3-1/2'',438,1/2'' x 3-1/2'',http://www.alexandriamoulding.com/products.php?state=entry&region=Alex%20West%20(USA)&entry=00438
007363/4'' x 3-1/2'',736,3/4'' x 3-1/2'',http://www.alexandriamoulding.com/products.php?state=entry&region=Alex%20West%20(USA)&entry=00736
900411-1/8'' x 6-1/4'',90041,1-1/8'' x 6-1/4'',http://www.alexandriamoulding.com/products.php?state=entry&region=Alex%20West%20(USA)&entry=90041
900515/8'' x 3-1/4'',90051,5/8'' x 3-1/4'',http://www.alexandriamoulding.com/products.php?state=entry&region=Alex%20West%20(USA)&entry=90051
902973/4'' x 3'',90297,3/4'' x 3'',http://www.alexandriamoulding.com/products.php?state=entry&region=Alex%20West%20(USA)&entry=90297
903265/8'' x 3-7/16'',90326,5/8'' x 3-7/16'',http://www.alexandriamoulding.com/products.php?state=entry&region=Alex%20West%20(USA)&entry=90326
903735/8'' x 2-1/2'',90373,5/8'' x 2-1/2'',http://www.alexandriamoulding.com/products.php?state=entry&region=Alex%20West%20(USA)&entry=90373
903865/8'' x 2-1/4'',90386,5/8'' x 2-1/4'',http://www.alexandriamoulding.com/products.php?state=entry&region=Alex%20West%20(USA)&entry=90386
909835/8'' x 4-1/2'',90983,5/8'' x 4-1/2'',http://www.alexandriamoulding.com/products.php?state=entry&region=Alex%20West%20(USA)&entry=90983
910463/4'' x 6-1/8'',91046,3/4'' x 6-1/8'',http://www.alexandriamoulding.com/products.php?state=entry&region=Alex%20West%20(USA)&entry=91046
9304011/16'' x 4-1/4'',93040,11/16'' x 4-1/4'',http://www.alexandriamoulding.com/products.php?state=entry&region=Alex%20West%20(USA)&entry=93040
932443/4'' x 1-1/4'',93244,3/4'' x 1-1/4'',http://www.alexandriamoulding.com/products.php?state=entry&region=Alex%20West%20(USA)&entry=93244
932481-3/16'' x 2-7/16'',93248,1-3/16'' x 2-7/16'',http://www.alexandriamoulding.com/products.php?state=entry&region=Alex%20West%20(USA)&entry=93248
935169/16'' x 3-1/8'',93516,9/16'' x 3-1/8'',http://www.alexandriamoulding.com/products.php?state=entry&region=Alex%20West%20(USA)&entry=93516
008279/16'' x 3-1/4'',827,9/16'' x 3-1/4'',http://www.alexandriamoulding.com/products.php?state=entry&region=Alex%20West%20(USA)&entry=00827
057441'' x 3-3/16'',5744,1'' x 3-3/16'',http://www.alexandriamoulding.com/products.php?state=entry&region=Alex%20West%20(USA)&entry=05744
0PCR71-1/8'' x 2-7/16'',0PCR7,1-1/8'' x 2-7/16'',http://www.alexandriamoulding.com/products.php?state=entry&region=Alex%20West%20(USA)&entry=0PCR7
0029711/16'' x 3'',297,11/16'' x 3'',http://www.alexandriamoulding.com/products.php?state=entry&region=Alex%20West%20(USA)&entry=00297
0069815/16'' x 2-3/8'',698,15/16'' x 2-3/8'',http://www.alexandriamoulding.com/products.php?state=entry&region=Alex%20West%20(USA)&entry=00698
056895/8'' x 1-3/4'',5689,5/8'' x 1-3/4'',http://www.alexandriamoulding.com/products.php?state=entry&region=Alex%20West%20(USA)&entry=05689
057415/8'' x 2-1/2'',5741,5/8'' x 2-1/2'',http://www.alexandriamoulding.com/products.php?state=entry&region=Alex%20West%20(USA)&entry=05741
002659/16'' x 2-1/2'',265,9/16'' x 2-1/2'',http://www.alexandriamoulding.com/products.php?state=entry&region=Alex%20West%20(USA)&entry=00265
002041-1/4'' x 1-1/4'',204,1-1/4'' x 1-1/4'',http://www.alexandriamoulding.com/products.php?state=entry&region=Alex%20West%20(USA)&entry=00204
032801-1/8'' x 1-1/8'',3280,1-1/8'' x 1-1/8'',http://www.alexandriamoulding.com/products.php?state=entry&region=Alex%20West%20(USA)&entry=03280
WM2021-1/8'' x 1-1/8'',WM202,1-1/8'' x 1-1/8'',http://www.alexandriamoulding.com/products.php?state=entry&region=Alex%20West%20(USA)&entry=WM202
0017011/16'' x 11/16'',170,11/16'' x 11/16'',http://www.alexandriamoulding.com/products.php?state=entry&region=Alex%20West%20(USA)&entry=00170
0328211/16'' x 11/16'',3282,11/16'' x 11/16'',http://www.alexandriamoulding.com/products.php?state=entry&region=Alex%20West%20(USA)&entry=03282
0328311/16'' x 11/16'',3283,11/16'' x 11/16'',http://www.alexandriamoulding.com/products.php?state=entry&region=Alex%20West%20(USA)&entry=03283
061491'' x 4-1/8'',6149,1'' x 4-1/8'',http://www.alexandriamoulding.com/products.php?state=entry&region=Alex%20West%20(USA)&entry=06149
061031-1/8'' x 4-3/8'',6103,1-1/8'' x 4-3/8'',http://www.alexandriamoulding.com/products.php?state=entry&region=Alex%20West%20(USA)&entry=06103
061057/8'' x 4-3/4'',6105,7/8'' x 4-3/4'',http://www.alexandriamoulding.com/products.php?state=entry&region=Alex%20West%20(USA)&entry=06105
061077/8'' x 5-1/8'',6107,7/8'' x 5-1/8'',http://www.alexandriamoulding.com/products.php?state=entry&region=Alex%20West%20(USA)&entry=06107
0612311/16'' x 2-3/4'',6123,11/16'' x 2-3/4'',http://www.alexandriamoulding.com/products.php?state=entry&region=Alex%20West%20(USA)&entry=06123
0610011/16'' x 2-3/8'',6100,11/16'' x 2-3/8'',http://www.alexandriamoulding.com/products.php?state=entry&region=Alex%20West%20(USA)&entry=06100
069073/4'' x 2-1/2'',6907,3/4'' x 2-1/2'',http://www.alexandriamoulding.com/products.php?state=entry&region=Alex%20West%20(USA)&entry=06907
069083/4'' x 3'',6908,3/4'' x 3'',http://www.alexandriamoulding.com/products.php?state=entry&region=Alex%20West%20(USA)&entry=06908
069093/4'' x 3-1/2'',6909,3/4'' x 3-1/2'',http://www.alexandriamoulding.com/products.php?state=entry&region=Alex%20West%20(USA)&entry=06909
069103/4'' x 3-3/4'',6910,3/4'' x 3-3/4'',http://www.alexandriamoulding.com/products.php?state=entry&region=Alex%20West%20(USA)&entry=06910
061187/8'' x 2-1/2'',6118,7/8'' x 2-1/2'',http://www.alexandriamoulding.com/products.php?state=entry&region=Alex%20West%20(USA)&entry=06118
061587/8'' x 3-1/2'',6158,7/8'' x 3-1/2'',http://www.alexandriamoulding.com/products.php?state=entry&region=Alex%20West%20(USA)&entry=06158
0M1343/8'' x 1-3/4'',0M134,3/8'' x 1-3/4'',http://www.alexandriamoulding.com/products.php?state=entry&region=Alex%20West%20(USA)&entry=0M134
032601/2'' x 1/2'',3260,1/2'' x 1/2'',http://www.alexandriamoulding.com/products.php?state=entry&region=Alex%20West%20(USA)&entry=03260
0010611/16'' x 11/16'',106,11/16'' x 11/16'',http://www.alexandriamoulding.com/products.php?state=entry&region=Alex%20West%20(USA)&entry=00106
0090611/16'' x 11/16'',906,11/16'' x 11/16'',http://www.alexandriamoulding.com/products.php?state=entry&region=Alex%20West%20(USA)&entry=00906
003349/16'' x 1-1/2'',334,9/16'' x 1-1/2'',http://www.alexandriamoulding.com/products.php?state=entry&region=Alex%20West%20(USA)&entry=00334
058691'' x 4-1/2'',5869,1'' x 4-1/2'',http://www.alexandriamoulding.com/products.php?state=entry&region=Alex%20West%20(USA)&entry=05869
004431'' x 6-15/16'',443,1'' x 6-15/16'',http://www.alexandriamoulding.com/products.php?state=entry&region=Alex%20West%20(USA)&entry=00443
MW4091-1/4'' x 1-7/8'',MW409,1-1/4'' x 1-7/8'',http://www.alexandriamoulding.com/products.php?state=entry&region=Alex%20West%20(USA)&entry=MW409
032481-1/4'' x 2-1/4'',3248,1-1/4'' x 2-1/4'',http://www.alexandriamoulding.com/products.php?state=entry&region=Alex%20West%20(USA)&entry=03248
9LW541/2'' x 2-1/4'',9LW54,1/2'' x 2-1/4'',http://www.alexandriamoulding.com/products.php?state=entry&region=Alex%20West%20(USA)&entry=9LW54
032421/2'' x 3/4'',3242,1/2'' x 3/4'',http://www.alexandriamoulding.com/products.php?state=entry&region=Alex%20West%20(USA)&entry=03242
PCE6011/16'' x 4-17/32'',PCE60,11/16'' x 4-17/32'',http://www.alexandriamoulding.com/products.php?state=entry&region=Alex%20West%20(USA)&entry=PCE60
0082411/16'' x 5-3/16'',824,11/16'' x 5-3/16'',http://www.alexandriamoulding.com/products.php?state=entry&region=Alex%20West%20(USA)&entry=00824
3244A3/4'' x 1-1/4'',3244A,3/4'' x 1-1/4'',http://www.alexandriamoulding.com/products.php?state=entry&region=Alex%20West%20(USA)&entry=3244A
032403/8'' x 9/16'',3240,3/8'' x 9/16'',http://www.alexandriamoulding.com/products.php?state=entry&region=Alex%20West%20(USA)&entry=03240
032445/8'' x 1-1/4'',3244,5/8'' x 1-1/4'',http://www.alexandriamoulding.com/products.php?state=entry&region=Alex%20West%20(USA)&entry=03244
059815/8'' x 3-5/16'',5981,5/8'' x 3-5/16'',http://www.alexandriamoulding.com/products.php?state=entry&region=Alex%20West%20(USA)&entry=05981
0CE475/8'' x 4-5/8'',0CE47,5/8'' x 4-5/8'',http://www.alexandriamoulding.com/products.php?state=entry&region=Alex%20West%20(USA)&entry=0CE47
000549/16'' x 2-1/4'',54,9/16'' x 2-1/4'',http://www.alexandriamoulding.com/products.php?state=entry&region=Alex%20West%20(USA)&entry=00054
000519/16'' x 3-1/4'',51,9/16'' x 3-1/4'',http://www.alexandriamoulding.com/products.php?state=entry&region=Alex%20West%20(USA)&entry=00051
LWM499/16'' x 3-5/8'',LWM49,9/16'' x 3-5/8'',http://www.alexandriamoulding.com/products.php?state=entry&region=Alex%20West%20(USA)&entry=LWM49
0LW489/16'' x 4-1/4'',0LW48,9/16'' x 4-1/4'',http://www.alexandriamoulding.com/products.php?state=entry&region=Alex%20West%20(USA)&entry=0LW48
1020311/16'' x 4-9/16'',10203,11/16'' x 4-9/16'',http://www.alexandriamoulding.com/products.php?state=entry&region=Alex%20West%20(USA)&entry=10203
132163/4'' x 1-1/2'',13216,3/4'' x 1-1/2'',http://www.alexandriamoulding.com/products.php?state=entry&region=Alex%20West%20(USA)&entry=13216
132201/2'' x 1/2'',13220,1/2'' x 1/2'',http://www.alexandriamoulding.com/products.php?state=entry&region=Alex%20West%20(USA)&entry=13220
1322211/16'' x 11/16'',13222,11/16'' x 11/16'',http://www.alexandriamoulding.com/products.php?state=entry&region=Alex%20West%20(USA)&entry=13222
132241'' x 1'',13224,1'' x 1'',http://www.alexandriamoulding.com/products.php?state=entry&region=Alex%20West%20(USA)&entry=13224
132873/4'' x 1-1/4'',13287,3/4'' x 1-1/4'',http://www.alexandriamoulding.com/products.php?state=entry&region=Alex%20West%20(USA)&entry=13287
134207/16'' x 1-11/16'',13420,7/16'' x 1-11/16'',http://www.alexandriamoulding.com/products.php?state=entry&region=Alex%20West%20(USA)&entry=13420
17053x,17053,x,http://www.alexandriamoulding.com/products.php?state=entry&region=Alex%20West%20(USA)&entry=17053
170545/8'' x 3-1/4'',17054,5/8'' x 3-1/4'',http://www.alexandriamoulding.com/products.php?state=entry&region=Alex%20West%20(USA)&entry=17054
409367/16'' x 1-1/4'',40936,7/16'' x 1-1/4'',http://www.alexandriamoulding.com/products.php?state=entry&region=Alex%20West%20(USA)&entry=40936
435081-1/8'' x 2-1/4'',43508,1-1/8'' x 2-1/4'',http://www.alexandriamoulding.com/products.php?state=entry&region=Alex%20West%20(USA)&entry=43508
9020311/16'' x 4-9/16'',90203,11/16'' x 4-9/16'',http://www.alexandriamoulding.com/products.php?state=entry&region=Alex%20West%20(USA)&entry=90203
907109/16'' x 3-1/4'',90710,9/16'' x 3-1/4'',http://www.alexandriamoulding.com/products.php?state=entry&region=Alex%20West%20(USA)&entry=90710
909363/8'' x 1-1/4'',90936,3/8'' x 1-1/4'',http://www.alexandriamoulding.com/products.php?state=entry&region=Alex%20West%20(USA)&entry=90936
LWM489/16'' x 4-1/4'',LWM48,9/16'' x 4-1/4'',http://www.alexandriamoulding.com/products.php?state=entry&region=Alex%20West%20(USA)&entry=LWM48
000479/16'' x 4-9/16'',47,9/16'' x 4-9/16'',http://www.alexandriamoulding.com/products.php?state=entry&region=Alex%20West%20(USA)&entry=00047
005129/16'' x 5-1/4'',512,9/16'' x 5-1/4'',http://www.alexandriamoulding.com/products.php?state=entry&region=Alex%20West%20(USA)&entry=00512
CR6963/4'' x 5-15/16'',CR696,3/4'' x 5-15/16'',http://www.alexandriamoulding.com/products.php?state=entry&region=Alex%20West%20(USA)&entry=CR696
070445/8'' x 3-1/4'',7044,5/8'' x 3-1/4'',http://www.alexandriamoulding.com/products.php?state=entry&region=Alex%20West%20(USA)&entry=07044
07043x,7043,x,http://www.alexandriamoulding.com/products.php?state=entry&region=Alex%20West%20(USA)&entry=07043
ST003,ST003,,http://www.alexandriamoulding.com/products.php?state=entry&region=Alex%20West%20(USA)&entry=ST003
034223/8'' x 1-1/4'',3422,3/8'' x 1-1/4'',http://www.alexandriamoulding.com/products.php?state=entry&region=Alex%20West%20(USA)&entry=03422
3422F3/8'' x 1-3/16'',3422F,3/8'' x 1-3/16'',http://www.alexandriamoulding.com/products.php?state=entry&region=Alex%20West%20(USA)&entry=3422F
034201/2'' x 1-5/8'',3420,1/2'' x 1-5/8'',http://www.alexandriamoulding.com/products.php?state=entry&region=Alex%20West%20(USA)&entry=03420
3422V3/8'' x 1-1/4'',3422V,3/8'' x 1-1/4'',http://www.alexandriamoulding.com/products.php?state=entry&region=Alex%20West%20(USA)&entry=3422V
0936A7/16'' x 1-1/4'',0936A,7/16'' x 1-1/4'',http://www.alexandriamoulding.com/products.php?state=entry&region=Alex%20West%20(USA)&entry=0936A
5442C1-1/4'' x 4-11/16'',5442C,1-1/4'' x 4-11/16'',http://www.alexandriamoulding.com/products.php?state=entry&region=Alex%20West%20(USA)&entry=5442C
054421-1/4'' x 4-9/16'',5442,1-1/4'' x 4-9/16'',http://www.alexandriamoulding.com/products.php?state=entry&region=Alex%20West%20(USA)&entry=05442
054521-1/4'' x 5-1/4'',5452,1-1/4'' x 5-1/4'',http://www.alexandriamoulding.com/products.php?state=entry&region=Alex%20West%20(USA)&entry=05452
5449C1-1/4'' x 6-11/16'',5449C,1-1/4'' x 6-11/16'',http://www.alexandriamoulding.com/products.php?state=entry&region=Alex%20West%20(USA)&entry=5449C
054691-1/4'' x 6-13/16'',5469,1-1/4'' x 6-13/16'',http://www.alexandriamoulding.com/products.php?state=entry&region=Alex%20West%20(USA)&entry=05469
054491-1/4'' x 6-9/16'',5449,1-1/4'' x 6-9/16'',http://www.alexandriamoulding.com/products.php?state=entry&region=Alex%20West%20(USA)&entry=05449
054791-1/4'' x 7-1/4'',5479,1-1/4'' x 7-1/4'',http://www.alexandriamoulding.com/products.php?state=entry&region=Alex%20West%20(USA)&entry=05479
058781-1/4'' x 8-7/8'',5878,1-1/4'' x 8-7/8'',http://www.alexandriamoulding.com/products.php?state=entry&region=Alex%20West%20(USA)&entry=05878
008133/4'' x 3-5/16'',813,3/4'' x 3-5/16'',http://www.alexandriamoulding.com/products.php?state=entry&region=Alex%20West%20(USA)&entry=00813
002321-1/2'' x 1-1/2'',232,1-1/2'' x 1-1/2'',http://www.alexandriamoulding.com/products.php?state=entry&region=Alex%20West%20(USA)&entry=00232
002331-5/16'' x 1-5/16'',233,1-5/16'' x 1-5/16'',http://www.alexandriamoulding.com/products.php?state=entry&region=Alex%20West%20(USA)&entry=00233
035071-1/4'' x 2-1/4'',3507,1-1/4'' x 2-1/4'',http://www.alexandriamoulding.com/products.php?state=entry&region=Alex%20West%20(USA)&entry=03507
WM2401-1/4'' x 2-1/4'',WM240,1-1/4'' x 2-1/4'',http://www.alexandriamoulding.com/products.php?state=entry&region=Alex%20West%20(USA)&entry=WM240
3510T1-5/16'' x 1-3/8'',3510T,1-5/16'' x 1-3/8'',http://www.alexandriamoulding.com/products.php?state=entry&region=Alex%20West%20(USA)&entry=3510T
003501-7/16'' x 1-11/16'',350,1-7/16'' x 1-11/16'',http://www.alexandriamoulding.com/products.php?state=entry&region=Alex%20West%20(USA)&entry=00350
T13071-7/16'' x 1-7/16'',T1307,1-7/16'' x 1-7/16'',http://www.alexandriamoulding.com/products.php?state=entry&region=Alex%20West%20(USA)&entry=T1307
082021-1/16'' x 2-1/4'',8202,1-1/16'' x 2-1/4'',http://www.alexandriamoulding.com/products.php?state=entry&region=Alex%20West%20(USA)&entry=08202
0498D1-1/4'' x 4-9/16'',0498D,1-1/4'' x 4-9/16'',http://www.alexandriamoulding.com/products.php?state=entry&region=Alex%20West%20(USA)&entry=0498D
0413D1-1/4'' x 4-13/16'',0413D,1-1/4'' x 4-13/16'',http://www.alexandriamoulding.com/products.php?state=entry&region=Alex%20West%20(USA)&entry=0413D
9498D1-1/4'' x 4-9/16'',9498D,1-1/4'' x 4-9/16'',http://www.alexandriamoulding.com/products.php?state=entry&region=Alex%20West%20(USA)&entry=9498D
0513D1-1/4'' x 5-1/4'',0513D,1-1/4'' x 5-1/4'',http://www.alexandriamoulding.com/products.php?state=entry&region=Alex%20West%20(USA)&entry=0513D
0499D1-1/4'' x 6-9/16'',0499D,1-1/4'' x 6-9/16'',http://www.alexandriamoulding.com/products.php?state=entry&region=Alex%20West%20(USA)&entry=0499D
0714D1-1/4'' x 7-1/4'',0714D,1-1/4'' x 7-1/4'',http://www.alexandriamoulding.com/products.php?state=entry&region=Alex%20West%20(USA)&entry=0714D
9413D1-3/16'' x 4-13/16'',9413D,1-3/16'' x 4-13/16'',http://www.alexandriamoulding.com/products.php?state=entry&region=Alex%20West%20(USA)&entry=9413D
0413711/16'' x 4-13/16'',4137,11/16'' x 4-13/16'',http://www.alexandriamoulding.com/products.php?state=entry&region=Alex%20West%20(USA)&entry=04137
4137V11/16'' x 4-13/16'',4137V,11/16'' x 4-13/16'',http://www.alexandriamoulding.com/products.php?state=entry&region=Alex%20West%20(USA)&entry=4137V
0203V11/16'' x 4-9/16'',0203V,11/16'' x 4-9/16'',http://www.alexandriamoulding.com/products.php?state=entry&region=Alex%20West%20(USA)&entry=0203V
0069711/16'' x 6-9/16'',697,11/16'' x 6-9/16'',http://www.alexandriamoulding.com/products.php?state=entry&region=Alex%20West%20(USA)&entry=00697
0697V11/16'' x 6-9/16'',0697V,11/16'' x 6-9/16'',http://www.alexandriamoulding.com/products.php?state=entry&region=Alex%20West%20(USA)&entry=0697V
032105/8'' x 4-9/16'',3210,5/8'' x 4-9/16'',http://www.alexandriamoulding.com/products.php?state=entry&region=Alex%20West%20(USA)&entry=03210
034381-1/4'' x 4-9/16'',3438,1-1/4'' x 4-9/16'',http://www.alexandriamoulding.com/products.php?state=entry&region=Alex%20West%20(USA)&entry=03438
3439N1-1/4'' x 4-9/16'',3439N,1-1/4'' x 4-9/16'',http://www.alexandriamoulding.com/products.php?state=entry&region=Alex%20West%20(USA)&entry=3439N
034441-1/4'' x 6-9/16'',3444,1-1/4'' x 6-9/16'',http://www.alexandriamoulding.com/products.php?state=entry&region=Alex%20West%20(USA)&entry=03444
0204G1-1/16'' x 4-9/16'',0204G,1-1/16'' x 4-9/16'',http://www.alexandriamoulding.com/products.php?state=entry&region=Alex%20West%20(USA)&entry=0204G
101001/2'' x 1/2'',10100,1/2'' x 1/2'',http://www.alexandriamoulding.com/products.php?state=entry&region=Alex%20West%20(USA)&entry=10100
107063/4'' x 2'',10706,3/4'' x 2'',http://www.alexandriamoulding.com/products.php?state=entry&region=Alex%20West%20(USA)&entry=10706
132632-1/2'' x 3-9/16'',13263,2-1/2'' x 3-9/16'',http://www.alexandriamoulding.com/products.php?state=entry&region=Alex%20West%20(USA)&entry=13263
1351611/16'' x 11/16'',13516,11/16'' x 11/16'',http://www.alexandriamoulding.com/products.php?state=entry&region=Alex%20West%20(USA)&entry=13516
400341'' x 3-1/4'',40034,1'' x 3-1/4'',http://www.alexandriamoulding.com/products.php?state=entry&region=Alex%20West%20(USA)&entry=40034
400381'' x 3-1/4'',40038,1'' x 3-1/4'',http://www.alexandriamoulding.com/products.php?state=entry&region=Alex%20West%20(USA)&entry=40038
401001/2'' x 1/2'',40100,1/2'' x 1/2'',http://www.alexandriamoulding.com/products.php?state=entry&region=Alex%20West%20(USA)&entry=40100
432755/16'' x 3/4'',43275,5/16'' x 3/4'',http://www.alexandriamoulding.com/products.php?state=entry&region=Alex%20West%20(USA)&entry=43275
432783/8'' x 1-1/8'',43278,3/8'' x 1-1/8'',http://www.alexandriamoulding.com/products.php?state=entry&region=Alex%20West%20(USA)&entry=43278
4372113/16'' x 1'',43721,13/16'' x 1'',http://www.alexandriamoulding.com/products.php?state=entry&region=Alex%20West%20(USA)&entry=43721
908501-3/16'' x 1-3/4'',90850,1-3/16'' x 1-3/4'',http://www.alexandriamoulding.com/products.php?state=entry&region=Alex%20West%20(USA)&entry=90850
1207G1-1/8'' x 4-9/16'',1207G,1-1/8'' x 4-9/16'',http://www.alexandriamoulding.com/products.php?state=entry&region=Alex%20West%20(USA)&entry=1207G
0207G1-3/16'' x 4-9/16'',0207G,1-3/16'' x 4-9/16'',http://www.alexandriamoulding.com/products.php?state=entry&region=Alex%20West%20(USA)&entry=0207G
0LATA1/4'' x 1-1/8'',0LATA,1/4'' x 1-1/8'',http://www.alexandriamoulding.com/products.php?state=entry&region=Alex%20West%20(USA)&entry=0LATA
0LATC1/4'' x 1-3/8'',0LATC,1/4'' x 1-3/8'',http://www.alexandriamoulding.com/products.php?state=entry&region=Alex%20West%20(USA)&entry=0LATC
0LATB1/4'' x 1-5/8'',0LATB,1/4'' x 1-5/8'',http://www.alexandriamoulding.com/products.php?state=entry&region=Alex%20West%20(USA)&entry=0LATB
0LATD1/4'' x 2-1/4'',0LATD,1/4'' x 2-1/4'',http://www.alexandriamoulding.com/products.php?state=entry&region=Alex%20West%20(USA)&entry=0LATD
033485/8'' x 1-3/8'',3348,5/8'' x 1-3/8'',http://www.alexandriamoulding.com/products.php?state=entry&region=Alex%20West%20(USA)&entry=03348
MW4403/8'' x 1-1/4'',MW440,3/8'' x 1-1/4'',http://www.alexandriamoulding.com/products.php?state=entry&region=Alex%20West%20(USA)&entry=MW440
000B413/16'' x 1-1/2'',000B4,13/16'' x 1-1/2'',http://www.alexandriamoulding.com/products.php?state=entry&region=Alex%20West%20(USA)&entry=000B4
037243/4'' x 1-1/8'',3724,3/4'' x 1-1/8'',http://www.alexandriamoulding.com/products.php?state=entry&region=Alex%20West%20(USA)&entry=03724
011301/2'' x 1'',1130,1/2'' x 1'',http://www.alexandriamoulding.com/products.php?state=entry&region=Alex%20West%20(USA)&entry=01130
0110511/16'' x 1-1/8'',1105,11/16'' x 1-1/8'',http://www.alexandriamoulding.com/products.php?state=entry&region=Alex%20West%20(USA)&entry=01105
001853/4'' x 1-1/2'',185,3/4'' x 1-1/2'',http://www.alexandriamoulding.com/products.php?state=entry&region=Alex%20West%20(USA)&entry=00185
001829/16'' x 1-9/16'',182,9/16'' x 1-9/16'',http://www.alexandriamoulding.com/products.php?state=entry&region=Alex%20West%20(USA)&entry=00182
011049/16'' x 3/4'',1104,9/16'' x 3/4'',http://www.alexandriamoulding.com/products.php?state=entry&region=Alex%20West%20(USA)&entry=01104
0L27311/16'' x 1-11/16'',0L273,11/16'' x 1-11/16'',http://www.alexandriamoulding.com/products.php?state=entry&region=Alex%20West%20(USA)&entry=0L273
062291'' x 3-3/4'',6229,1'' x 3-3/4'',http://www.alexandriamoulding.com/products.php?state=entry&region=Alex%20West%20(USA)&entry=06229
062111'' x 4-3/4'',6211,1'' x 4-3/4'',http://www.alexandriamoulding.com/products.php?state=entry&region=Alex%20West%20(USA)&entry=06211
062071'' x 5-1/8'',6207,1'' x 5-1/8'',http://www.alexandriamoulding.com/products.php?state=entry&region=Alex%20West%20(USA)&entry=06207
062061-1/8'' x 4-3/8'',6206,1-1/8'' x 4-3/8'',http://www.alexandriamoulding.com/products.php?state=entry&region=Alex%20West%20(USA)&entry=06206
062087/8'' x 2-1/2'',6208,7/8'' x 2-1/2'',http://www.alexandriamoulding.com/products.php?state=entry&region=Alex%20West%20(USA)&entry=06208
062287/8'' x 3-1/2'',6228,7/8'' x 3-1/2'',http://www.alexandriamoulding.com/products.php?state=entry&region=Alex%20West%20(USA)&entry=06228
062043/4'' x 3'',6204,3/4'' x 3'',http://www.alexandriamoulding.com/products.php?state=entry&region=Alex%20West%20(USA)&entry=06204
062033/4'' x 6'',6203,3/4'' x 6'',http://www.alexandriamoulding.com/products.php?state=entry&region=Alex%20West%20(USA)&entry=06203
062053/4'' x 6'',6205,3/4'' x 6'',http://www.alexandriamoulding.com/products.php?state=entry&region=Alex%20West%20(USA)&entry=06205
062007/8'' x 2-3/4'',6200,7/8'' x 2-3/4'',http://www.alexandriamoulding.com/products.php?state=entry&region=Alex%20West%20(USA)&entry=06200
062891'' x 4-1/8'',6289,1'' x 4-1/8'',http://www.alexandriamoulding.com/products.php?state=entry&region=Alex%20West%20(USA)&entry=06289
0010211/16'' x 11/16'',102,11/16'' x 11/16'',http://www.alexandriamoulding.com/products.php?state=entry&region=Alex%20West%20(USA)&entry=00102
0090211/16'' x 11/16'',902,11/16'' x 11/16'',http://www.alexandriamoulding.com/products.php?state=entry&region=Alex%20West%20(USA)&entry=00902
R70519/16'' x 3-1/4'',R7051,9/16'' x 3-1/4'',http://www.alexandriamoulding.com/products.php?state=entry&region=Alex%20West%20(USA)&entry=R7051
R70489/16'' x 4-1/4'',R7048,9/16'' x 4-1/4'',http://www.alexandriamoulding.com/products.php?state=entry&region=Alex%20West%20(USA)&entry=R7048
R59809/16'' x 5-1/4'',R5980,9/16'' x 5-1/4'',http://www.alexandriamoulding.com/products.php?state=entry&region=Alex%20West%20(USA)&entry=R5980
3516T11/16'' x 11/16'',3516T,11/16'' x 11/16'',http://www.alexandriamoulding.com/products.php?state=entry&region=Alex%20West%20(USA)&entry=3516T
032741/4'' x 3/4'',3274,1/4'' x 3/4'',http://www.alexandriamoulding.com/products.php?state=entry&region=Alex%20West%20(USA)&entry=03274
000131/4'' x 3/4'',13,1/4'' x 3/4'',http://www.alexandriamoulding.com/products.php?state=entry&region=Alex%20West%20(USA)&entry=00013
ST008,ST008,,http://www.alexandriamoulding.com/products.php?state=entry&region=Alex%20West%20(USA)&entry=ST008
ST004,ST004,,http://www.alexandriamoulding.com/products.php?state=entry&region=Alex%20West%20(USA)&entry=ST004
ST009,ST009,,http://www.alexandriamoulding.com/products.php?state=entry&region=Alex%20West%20(USA)&entry=ST009
ST002,ST002,,http://www.alexandriamoulding.com/products.php?state=entry&region=Alex%20West%20(USA)&entry=ST002
ST001,ST001,,http://www.alexandriamoulding.com/products.php?state=entry&region=Alex%20West%20(USA)&entry=ST001
ST0102'' x 3'',ST010,2'' x 3'',http://www.alexandriamoulding.com/products.php?state=entry&region=Alex%20West%20(USA)&entry=ST010
098343/8'' x 2-1/4'',9834,3/8'' x 2-1/4'',http://www.alexandriamoulding.com/products.php?state=entry&region=Alex%20West%20(USA)&entry=09834
098337/16'' x 2-1/8'',9833,7/16'' x 2-1/8'',http://www.alexandriamoulding.com/products.php?state=entry&region=Alex%20West%20(USA)&entry=09833
097487/16'' x 3-1/4'',9748,7/16'' x 3-1/4'',http://www.alexandriamoulding.com/products.php?state=entry&region=Alex%20West%20(USA)&entry=09748
097699/16'' x 3-1/4'',9769,9/16'' x 3-1/4'',http://www.alexandriamoulding.com/products.php?state=entry&region=Alex%20West%20(USA)&entry=09769
09843x,9843,x,http://www.alexandriamoulding.com/products.php?state=entry&region=Alex%20West%20(USA)&entry=09843
09848x,9848,x,http://www.alexandriamoulding.com/products.php?state=entry&region=Alex%20West%20(USA)&entry=09848
WM2381-1/16'' x 1-1/16'',WM238,1-1/16'' x 1-1/16'',http://www.alexandriamoulding.com/products.php?state=entry&region=Alex%20West%20(USA)&entry=WM238
034281/2'' x 3/4'',3428,1/2'' x 3/4'',http://www.alexandriamoulding.com/products.php?state=entry&region=Alex%20West%20(USA)&entry=03428
411117/16'' x 3-1/4'',41111,7/16'' x 3-1/4'',http://www.alexandriamoulding.com/products.php?state=entry&region=Alex%20West%20(USA)&entry=41111
902223/8'' x 5-3/4'',90222,3/8'' x 5-3/4'',http://www.alexandriamoulding.com/products.php?state=entry&region=Alex%20West%20(USA)&entry=90222
009407/16'' x 1-3/8'',940,7/16'' x 1-3/8'',http://www.alexandriamoulding.com/products.php?state=entry&region=Alex%20West%20(USA)&entry=00940
008521-1/8'' x 1-1/2'',852,1-1/8'' x 1-1/2'',http://www.alexandriamoulding.com/products.php?state=entry&region=Alex%20West%20(USA)&entry=00852
065013/4'' x 3/4'',6501,3/4'' x 3/4'',http://www.alexandriamoulding.com/products.php?state=entry&region=Alex%20West%20(USA)&entry=06501
065021-1/4'' x 1-1/4'',6502,1-1/4'' x 1-1/4'',http://www.alexandriamoulding.com/products.php?state=entry&region=Alex%20West%20(USA)&entry=06502
065031-1/4'' x 1-1/4'',6503,1-1/4'' x 1-1/4'',http://www.alexandriamoulding.com/products.php?state=entry&region=Alex%20West%20(USA)&entry=06503
034121-3/4'' x 5-1/2'',3412,1-3/4'' x 5-1/2'',http://www.alexandriamoulding.com/products.php?state=entry&region=Alex%20West%20(USA)&entry=03412
034131-3/4'' x 7-1/2'',3413,1-3/4'' x 7-1/2'',http://www.alexandriamoulding.com/products.php?state=entry&region=Alex%20West%20(USA)&entry=03413
034101-1/4'' x 5-1/4'',3410,1-1/4'' x 5-1/4'',http://www.alexandriamoulding.com/products.php?state=entry&region=Alex%20West%20(USA)&entry=03410
034111-1/4'' x 7-1/4'',3411,1-1/4'' x 7-1/4'',http://www.alexandriamoulding.com/products.php?state=entry&region=Alex%20West%20(USA)&entry=03411
