Type,Name,URL
OG,Roman Ogee,http://www.trustile.com/sites/trustile.com/files/profiles/sticking-reverse-roman-ogee.png
SS,Square Stick Sticking,http://www.trustile.com/sites/trustile.com/files/profiles/sticking-square-stick.png
OS,One-Step Sticking,http://www.trustile.com/sites/trustile.com/files/profiles/sticking-one-step.png
BV,Bevel Sticking,http://www.trustile.com/sites/trustile.com/files/profiles/sticking-bevel.png
QB,Quarter Bead Sticking,http://www.trustile.com/sites/trustile.com/files/profiles/sticking-quarter-bead.png
QR,Quarter Round Sticking,http://www.trustile.com/sites/trustile.com/files/profiles/sticking-quarter-round_0.png
CB,Cove & Bead Sticking,http://www.trustile.com/sites/trustile.com/files/profiles/sticking-cove-bead.png
LP,Low Profile Bolection Moulding,http://www.trustile.com/sites/trustile.com/files/profiles/sticking-low-profile-bolection-moulding.png
BM,Bolection Moulding,http://www.trustile.com/sites/trustile.com/files/profiles/sticking-bolection-moulding.png
BBM,Big Bolection Moulding,http://www.trustile.com/sites/trustile.com/files/profiles/sticking-big-bolection-moulding.png
QM,Quirk Moulding,http://www.trustile.com/sites/trustile.com/files/profiles/sticking-quirk-moulding.png
